gene_id	baseMean	log2FoldChange	lfcSE	stat	pvalue	padj	comparison
Grn	784.2240666917279	-1.3628653179685737	0.08545773988170055	-15.947827778445731	2.9497987905935603e-57	5.181026595798529e-53	ghko_vs_het
Pvrl1	1055.4566988283175	0.45711094416869846	0.05853044262675657	7.809798177738964	5.7279632475731305e-15	5.030297324018723e-11	ghko_vs_het
Apoa1	19.998370477711994	0.7162190930314951	0.11066629875474283	6.471880790183199	9.679047391731668e-11	3.4599577416710946e-7	ghko_vs_het
Gc	9.836840763204968	0.5769520294472145	0.08884022484948774	6.494265749829889	8.343934763899206e-11	3.4599577416710946e-7	ghko_vs_het
Ahsg	10.888235015041191	0.5666146717252978	0.0875859441667285	6.469242035533586	9.849572254814092e-11	3.4599577416710946e-7	ghko_vs_het
