gene_id	baseMean	log2FoldChange	lfcSE	stat	pvalue	padj	comparison
Grn	784.2240666917279	1.3628653179642674	0.08545773988259002	15.947827778229351	2.949798800812404e-57	5.181026613746906e-53	het_vs_ghko
Pvrl1	1055.4566988283175	-0.45711094416773107	0.05853044262793144	-7.809798177565672	5.727963255448434e-15	5.0302973309348147e-11	het_vs_ghko
Apoa1	19.998370477711994	-0.7162190930166091	0.11066629875383284	-6.471880790101905	9.679047396940429e-11	3.459957744362209e-7	het_vs_ghko
Gc	9.836840763204968	-0.5769520294224874	0.08884022484784469	-6.494265749671665	8.343934772667665e-11	3.459957744362209e-7	het_vs_ghko
Ahsg	10.888235015041191	-0.5666146717071182	0.08758594416550972	-6.469242035416046	9.849572262474974e-11	3.459957744362209e-7	het_vs_ghko
